스트리머,방송 제목,현재 시청자,카테고리
울프,울챔스 / T1 vs KTㅣ2025 Road to MSI #LCKWatchParty,73414,리그 오브 레전드
LCK,T1 vs KT | 4라운드 | 2025 LCK MSI 대표 선발전,27836,리그 오브 레전드
강퀴88,T1 vs KTㅣ2025 Road to MSI #lckwatchparty,16835,리그 오브 레전드
탬탬버린,대놓고 T1 응원방 T1 vs KTㅣ2025 Road to MSI #LCKWatchParty ٩(●'▿'●)۶,11991,리그 오브 레전드
네이버 엔터,[LIVE] 🤘2025 WORLD DJ FESTIVAL DAY1,7996,음악/노래
텐코 시부키,덥다더워,4513,talk
이글콥,"2시 야구 야매 유치원 (w. 강요미, 뇨롱이, 빙하유, 햄쿠비)",3797,talk
아라하시 타비,[발켓몬] 기분이 몬꽁몬꽁해요,3746,발로란트
이터널 리턴 공식,[🔴LIVE] 본선 3주차 1일차 I 2025 KEL,3647,이터널 리턴
김도,묑토체스,3526,명조: 워더링 웨이브
김뿡,뿡) 알았어 할게 형 🐹,2969,메이플스토리
운타라,운챔스 레츠고 티원! / T1 vs KT #LCKWatchParty,2573,리그 오브 레전드
야튀,[리뷰 장인] 경찰 김윤성 일대기 퍼먹기💜,2505,talk
꼴랑이,LCK Road To MSI T1 vs KT 같이봅시다(T1응원방)#LCKWatchParty,2311,리그 오브 레전드
뇨롱이,2시 야구유치원 입학합니다! w.이글콥 빙하유 강요미 햄쿠비 님🐣💙,1963,talk
인섹,lck RTM T1 vs KT 중립(KT출신이긴함)#lckwatchparty,1849,리그 오브 레전드
무한도전 LIVE,무한도전 24시간 무한 스트리밍,1712,예능
조강현 그리고 스틸로,전략가의 시험  2시 시작,1559,전략적 팀 전투: 사이버 시티
소풍왔니,붕스 3.2 나 너무 흥미진진해...,1525,붕괴: 스타레일
나나양,((⭐)) T1!T1!T1!T1!T1!T1!T1!T1!T1!T1!T1!T1!T1!T1!T1!T1!T1!T1!T1! #LCKWatchParty,1443,리그 오브 레전드
쌍베,스타 코인전 대비,1397,스타크래프트 : 리마스터
달콤레나 씨,T1 vs KTㅣ2025 Road to MSI (각자 응원방 일단 난티원 응원할게 ㅇㅇ),1387,리그 오브 레전드
강소연,ㅋㅋ 치터3 이김 ㅅㄱ ㅋ 스타2 강소연이랑 1댈 오실분 ㄱ,1377,스타크래프트 II : 공허의 유산
위버멘쉬 너구리,가만히 있으면 안 추워.,1279,프로스트펑크
뱅,반드시 이겨야 해 LCK T1 vs KT #LCKWatchParty,1195,리그 오브 레전드
멋사,발켓몬 시간 !vpn,1132,발로란트
초승달,맹수끼 동정호 러브스토리(?),1075,talk
해마티엘,"3시 나도 모르는 정실대전(?) (w 연비니,아무탈,델로략국) !VPN",972,PUBG: 배틀그라운드
고수달,안녕하세요,966,talk
고뇨,2시 브더2 공방,958,브라운더스트2
